{
    "header":{
		"Name"							:"CC3220S_sysconfig_image",
        "Is5GSupport"					:false,
        "IsGen3"						:false,
		"DeviceType"					:"CC3220S",
		"Description"					:"project for SysConfig",
        "IsTheDeviceSecure"				:true,
        "UseDefaultCertStore"			:false,
		"UseDefaultPlayGroundCatalog"   :true,
		"UseOtp"						:false,
        "UseSecBtldr"					:false,
        "UseDefaultSP"					:true,
		"ProductionNWP"					:"1",
		"CreateOTA"                     :false,
		"AddClstOta"                    :false,
		"SecuredOTA"                    :false,
		"OTAKeyFileLocation"            :"",
        "StorageCapacityBytes"			:"4194304",
		"SET_DEV_MAC"                   : true,
		"DEV_MAC_ADDR"                  :"00:00:00:00:00:04",
		"Mode"				  			:"development",
		"IsModule"                      :"0",
		"EnableReturnToFactory"     	:"defaults_and_image",
		"ReturnToFactoryGPIO"			:"0",
		"UseKey"						:false,
        "KeyFileLocation"				:"",
		"ServicePackFileLocation"		:"",
		"UserFileRoot"		            :"C:/Users/jacob/workspace_v10/pwmled2_CC3220S_LAUNCHXL_nortos_ccs/userFiles"
    },
    "systemFiles":{
        "FILES":{
            "SystemFileId":"FILES",
			"CS_FILE_NAME"						: "",
            "CSS_FILE_NAME"						: "",	
			"OTP_NAME"						: "",
			"SP_FILE_NAME"						:"",
			"SM_MCU_NAME"	                    :"/sys/mcuimg.bin",   		
            "SM_MCU_CERT_NAME"					:""
        },
        "CONFIG_TYPE_IP_CONFIG":{
			"SystemFileId":"CONFIG_TYPE_IP_CONFIG", 
            "AP_SUBNET_MASK"					:null,
            "AP_IPV6_DNS_SERVER"				:null,
            "AP_ARP_RENEW_TIME"					:null,
            "AP_DHCP_CLIENT_TIME_OUT"			:null,
            "AP_STATIC_IPV6_GLOBAL_ADDRESS"		:null,
            "AP_KEEP_ALIVE_TIME"				:null,
            "AP_DNS_CLIENT_TIME"				:null,
            "AP_DHCP_SERVER_MODE"				:null,
            "AP_STATIC_IPV6_LOCAL_ADDRESS"		:null,
            "AP_INACTIVITY_TIME"				:null,
            "AP_IP_MODE"						:null,
			"AP_STATIC_IP"						:"10.123.45.1",
			"AP_DEFAULT_GATEWAY"				:"10.123.45.1",
			"AP_IPV4_DNS_SERVER"                :"10.123.45.1",
			"STA_DHCP_CLIENT_TIME_OUT"			:null,
            "STA_STATIC_IPV6_LOCAL_ADDRESS"		:null,
            "STA_INACTIVITY_TIME"				:null,
			"STA_IPV6_DNS_SERVER"				:null,
			"STA_ARP_RENEW_TIME"				:null,
			"STA_ARP_RENEW_TIME"				:null,
			"STA_STATIC_IPV6_GLOBAL_ADDRESS"	:null,
			"STA_DNS_CLIENT_TIME"				:null,
            "STA_DHCP_SERVER_LAST_IP_ADDRESS"	:null,
			"STA_KEEP_ALIVE_TIME"				:null,
            "STA_DHCP_SERVER_START_IP_ADDRESS"	:null,
			"STA_IP_MODE"						: "True", 
			"STA_STATIC_IP"						:"192.168.1.101",		
			"STA_SUBNET_MASK"					:"255.255.255.0",
			"STA_DEFAULT_GATEWAY"				:"192.168.1.31",
			"STA_IPV4_DNS_SERVER"				:"192.168.1.31",
            "STA_DHCP_SERVER_MODE"				:null
        },
        "CONFIG_TYPE_DEVICE_NAME":{
			"DEVICE_URN"						: "mysimplelink",	
            "DOMAIN_NAME":"mysimplelink.net"
        },
        "CONFIG_TYPE_AP":{
			"SSID"								:"mysimplelink",
            "SECURITY"							:"0",
            "PASSWORD"							:"",
            "HIDDEN_SSID"						:"0",
            "CHANNEL"							:"1",
            "MAX_STT"							:"4"	

        },
        "CONFIG_TYPE_HTTP_SRV":{
            "PRIM_PORT_SECURE"					:false,
			"PRIM_PORT_VAL"						:"80",
            "ACCESS_ROM"						:true,
			"SEC_PORT_ENABLE"					:false,
            "SEC_PORT_VAL"						:"8080",
            "PRIVATEKEY_FILE_NAME"				:"",
            "CERTIFICATE_FILE_NAME"				:"",
            "ACCESS_CA_CERT"					:false, 
            "CA_CERTIFICATE_FILE_NAME"			:""
            
        },
        "CONFIG_TYPE_MAC":{
			"SystemFileId"				:"CONFIG_TYPE_MAC",
		    "USE_DEFAULT"				:1,
            "MAC_ADDR"					:"08:00:28:11:22:33"
        },
        "CONFIG_TYPE_MODE":{
		    "SystemFileId":"CONFIG_TYPE_MODE",
            "SL_EVENT_CLASS_NETCFG"				:0,
            "SL_EVENT_CLASS_WLAN"				:0,
            "SL_EVENT_CLASS_FS"					:0,
			"SL_EVENT_CLASS_GLOBAL"				:0,
            "SL_EVENT_CLASS_NETAPP"				:0,
			"SL_EVENT_CLASS_DEVICE"				:0,
			"SL_EVENT_CLASS_BSD"				:0,
            "PROVISIONING_MODE"					:2,
			"PROVISIONING_SAVED_ROLE"			:0,
            "PROVISIONING_SAVED_AUTO_START"		:1,
			"PROVISIONING_RESULT"				:0,
			"PROVISIONING_ROLE_AFTER_SUCCESS"	:0,
			"PROVISIONING_MONITOR_TIMER"		:0,
			"PROVISIONING_STATE"				:0,
			"P2P_CLS_START_APPS"				: "5",			
			"P2P_GO_START_APPS"					: "15",
		    "STA_START_APPS"					: "5",
		    "AP_START_APPS"						: "15",
            "PHY_STA_HIGH_TX_POWER"             :0,
			"PHY_AP_HIGH_TX_POWER"              :0,
            "IGNORE_FORCE_AP"                   :"0",
			"START_ROLE"						: "2",
			"COUNTRY_CODE"						: "EU",
			"AUTO_PROV_EXTERNAL_CONFIRMATION"   : "0",
			"NO_PSPOLL_MODE"                    : false,
			"ANTSEL_MODE"						:"",
			"ANTSEL_ANT1"						:"",
            "ANTSEL_ANT2"						:"",
			"CO_EX_MODE"						:"",
			"CO_EX_INPUT"						:"",
            "CO_EX_OUTPUT"						:"",
			"Is5GEnabled"						: false,
		    "PHY_CAL_MODE"						: "0",
			"AP_TX_POWER_LEVEL"					: "0",
			"STA_TX_POWER_LEVEL"				: "0"
        },
        "CONFIG_TYPE_STA_CONFIG":{
            "AUTOSTART"							:"1",
            "USEFASTCONNECT"					:"0",
            "AUTOPROVISIONING"					:"1",
            "CONNECTTOANYP2P"					:"0"		

        },
        "CONFIG_TYPE_DHCP_SRV":{
			"SystemFileId":"CONFIG_TYPE_DHCP_SRV",
			"AP_DHCP_SERVER_START_IP_ADDRESS"   :"10.123.45.2",
			"AP_DHCP_SERVER_LAST_IP_ADDRESS"    :"10.123.45.254",
			"AP_DHCP_SERVER_LEASE_TIME"         :"24"
        },
		"REG_DOMAIN": {
			"CURVE_00": 0,
            "CURVE_01": 0,
            "CURVE_02": 0,
            "CURVE_03": 0,
            "CURVE_04": 0,
            "CURVE_10": 0,
            "CURVE_11": 0,
            "CURVE_12": 0,
            "CURVE_13": 0,
            "CURVE_14": 0,
            "FCC24_ENABLED"     : false,
			"ETSI24_ENABLED"    : false,
			"JP24_ENABLED"      : false,
			"FCC2411B_CHANNEL_1" : 0,
			"FCC24BOL_CHANNEL_1" : 0,
			"FCC24BOH_CHANNEL_1" : 0,
			"ETSI2411B_CHANNEL_1" : 0,
			"ETSI24BOL_CHANNEL_1" : 0,
			"ETSI24BOH_CHANNEL_1" : 0,
			"JP2411B_CHANNEL_1" : 0,
			"JP24BOL_CHANNEL_1" : 0,
			"JP24BOH_CHANNEL_1" : 0,
			"FCC2411B_CHANNEL_2" : 0,
			"FCC24BOL_CHANNEL_2" : 0,
			"FCC24BOH_CHANNEL_2" : 0,
			"ETSI2411B_CHANNEL_2" : 0,
			"ETSI24BOL_CHANNEL_2" : 0,
			"ETSI24BOH_CHANNEL_2" : 0,
			"JP2411B_CHANNEL_2" : 0,
			"JP24BOL_CHANNEL_2" : 0,
			"JP24BOH_CHANNEL_2" : 0,
			"FCC2411B_CHANNEL_3" : 0,
			"FCC24BOL_CHANNEL_3" : 0,
			"FCC24BOH_CHANNEL_3" : 0,
			"ETSI2411B_CHANNEL_3" : 0,
			"ETSI24BOL_CHANNEL_3" : 0,
			"ETSI24BOH_CHANNEL_3" : 0,
			"JP2411B_CHANNEL_3" : 0,
			"JP24BOL_CHANNEL_3" : 0,
			"JP24BOH_CHANNEL_3" : 0,
			"FCC2411B_CHANNEL_4" : 0,
			"FCC24BOL_CHANNEL_4" : 0,
			"FCC24BOH_CHANNEL_4" : 0,
			"ETSI2411B_CHANNEL_4" : 0,
			"ETSI24BOL_CHANNEL_4" : 0,
			"ETSI24BOH_CHANNEL_4" : 0,
			"JP2411B_CHANNEL_4" : 0,
			"JP24BOL_CHANNEL_4" : 0,
			"JP24BOH_CHANNEL_4" : 0,
			"FCC2411B_CHANNEL_5" : 0,
			"FCC24BOL_CHANNEL_5" : 0,
			"FCC24BOH_CHANNEL_5" : 0,
			"ETSI2411B_CHANNEL_5" : 0,
			"ETSI24BOL_CHANNEL_5" : 0,
			"ETSI24BOH_CHANNEL_5" : 0,
			"JP2411B_CHANNEL_5" : 0,
			"JP24BOL_CHANNEL_5" : 0,
			"JP24BOH_CHANNEL_5" : 0,
			"FCC2411B_CHANNEL_6" : 0,
			"FCC24BOL_CHANNEL_6" : 0,
			"FCC24BOH_CHANNEL_6" : 0,
			"ETSI2411B_CHANNEL_6" : 0,
			"ETSI24BOL_CHANNEL_6" : 0,
			"ETSI24BOH_CHANNEL_6" : 0,
			"JP2411B_CHANNEL_6" : 0,
			"JP24BOL_CHANNEL_6" : 0,
			"JP24BOH_CHANNEL_6" : 0,
			"FCC2411B_CHANNEL_7" : 0,
			"FCC24BOL_CHANNEL_7" : 0,
			"FCC24BOH_CHANNEL_7" : 0,
			"ETSI2411B_CHANNEL_7" : 0,
			"ETSI24BOL_CHANNEL_7" : 0,
			"ETSI24BOH_CHANNEL_7" : 0,
			"JP2411B_CHANNEL_7" : 0,
			"JP24BOL_CHANNEL_7" : 0,
			"JP24BOH_CHANNEL_7" : 0,
			"FCC2411B_CHANNEL_8" : 0,
			"FCC24BOL_CHANNEL_8" : 0,
			"FCC24BOH_CHANNEL_8" : 0,
			"ETSI2411B_CHANNEL_8" : 0,
			"ETSI24BOL_CHANNEL_8" : 0,
			"ETSI24BOH_CHANNEL_8" : 0,
			"JP2411B_CHANNEL_8" : 0,
			"JP24BOL_CHANNEL_8" : 0,
			"JP24BOH_CHANNEL_8" : 0,
			"FCC2411B_CHANNEL_9" : 0,
			"FCC24BOL_CHANNEL_9" : 0,
			"FCC24BOH_CHANNEL_9" : 0,
			"ETSI2411B_CHANNEL_9" : 0,
			"ETSI24BOL_CHANNEL_9" : 0,
			"ETSI24BOH_CHANNEL_9" : 0,
			"JP2411B_CHANNEL_9" : 0,
			"JP24BOL_CHANNEL_9" : 0,
			"JP24BOH_CHANNEL_9" : 0,
			"FCC2411B_CHANNEL_10" : 0,
			"FCC24BOL_CHANNEL_10" : 0,
			"FCC24BOH_CHANNEL_10" : 0,
			"ETSI2411B_CHANNEL_10" : 0,
			"ETSI24BOL_CHANNEL_10" : 0,
			"ETSI24BOH_CHANNEL_10" : 0,
			"JP2411B_CHANNEL_10" : 0,
			"JP24BOL_CHANNEL_10" : 0,
			"JP24BOH_CHANNEL_10" : 0,
			"FCC2411B_CHANNEL_11" : 0,
			"FCC24BOL_CHANNEL_11" : 0,
			"FCC24BOH_CHANNEL_11" : 0,
			"ETSI2411B_CHANNEL_11" : 0,
			"ETSI24BOL_CHANNEL_11" : 0,
			"ETSI24BOH_CHANNEL_11" : 0,
			"JP2411B_CHANNEL_11" : 0,
			"JP24BOL_CHANNEL_11" : 0,
			"JP24BOH_CHANNEL_11" : 0,
			"FCC2411B_CHANNEL_12" : 0,
			"FCC24BOL_CHANNEL_12" : 0,
			"FCC24BOH_CHANNEL_12" : 0,
			"ETSI2411B_CHANNEL_12" : 0,
			"ETSI24BOL_CHANNEL_12" : 0,
			"ETSI24BOH_CHANNEL_12" : 0,
			"JP2411B_CHANNEL_12" : 0,
			"JP24BOL_CHANNEL_12" : 0,
			"JP24BOH_CHANNEL_12" : 0,
			"FCC2411B_CHANNEL_13" : 0,
			"FCC24BOL_CHANNEL_13" : 0,
			"FCC24BOH_CHANNEL_13" : 0,
			"ETSI2411B_CHANNEL_13" : 0,
			"ETSI24BOL_CHANNEL_13" : 0,
			"ETSI24BOH_CHANNEL_13" : 0,
			"JP2411B_CHANNEL_13" : 0,
			"JP24BOL_CHANNEL_13" : 0,
			"JP24BOH_CHANNEL_13" : 0,
			"FCC_ENABLED"       : false,
			"ETSI_ENABLED"      : false,
			"JP_ENABLED"        : false,
			"ExBO_ENABLED"      : false,
			"IL_ENABLED"        : false,
			"FCC_CHANNEL_36"        : 0,
			"ETCI_CHANNEL_36"       : 0,
			"JP_CHANNEL_36"         : 0,
			"EBL_CHANNEL_36"        : 0,
			"EBH_CHANNEL_36"        : 0,
			"FCC_CHANNEL_40"        : 0,
			"ETCI_CHANNEL_40"       : 0,
			"JP_CHANNEL_40"         : 0,
			"EBL_CHANNEL_40"        : 0,
			"EBH_CHANNEL_40"        : 0,
			"FCC_CHANNEL_44"        : 0,
			"ETCI_CHANNEL_44"       : 0,
			"JP_CHANNEL_44"         : 0,
			"EBL_CHANNEL_44"        : 0,
			"EBH_CHANNEL_44"        : 0,
			"FCC_CHANNEL_48"        : 0,
			"ETCI_CHANNEL_48"       : 0,
			"JP_CHANNEL_48"         : 0,
			"EBL_CHANNEL_48"        : 0,
			"EBH_CHANNEL_48"        : 0,
			"FCC_CHANNEL_52"        : 0,
			"ETCI_CHANNEL_52"       : 0,
			"JP_CHANNEL_52"         : 0,
			"EBL_CHANNEL_52"        : 0,
			"EBH_CHANNEL_52"        : 0,
			"FCC_CHANNEL_56"        : 0,
			"ETCI_CHANNEL_56"       : 0,
			"JP_CHANNEL_56"         : 0,
			"EBL_CHANNEL_56"        : 0,
			"EBH_CHANNEL_56"        : 0,
			"FCC_CHANNEL_60"        : 0,
			"ETCI_CHANNEL_60"       : 0,
			"JP_CHANNEL_60"         : 0,
			"EBL_CHANNEL_60"        : 0,
			"EBH_CHANNEL_60"        : 0,
			"FCC_CHANNEL_64"        : 0,
			"ETCI_CHANNEL_64"       : 0,
			"JP_CHANNEL_64"         : 0,
			"EBL_CHANNEL_64"        : 0,
			"EBH_CHANNEL_64"        : 0,
			"FCC_CHANNEL_100"        : 0,
			"ETCI_CHANNEL_100"       : 0,
			"JP_CHANNEL_100"         : 0,
			"EBL_CHANNEL_100"        : 0,
			"EBH_CHANNEL_100"        : 0,
			"FCC_CHANNEL_104"        : 0,
			"ETCI_CHANNEL_104"       : 0,
			"JP_CHANNEL_104"         : 0,
			"EBL_CHANNEL_104"        : 0,
			"EBH_CHANNEL_104"        : 0,
			"FCC_CHANNEL_108"        : 0,
			"ETCI_CHANNEL_108"       : 0,
			"JP_CHANNEL_108"         : 0,
			"EBL_CHANNEL_108"        : 0,
			"EBH_CHANNEL_108"        : 0,
			"FCC_CHANNEL_112"        : 0,
			"ETCI_CHANNEL_112"       : 0,
			"JP_CHANNEL_112"         : 0,
			"EBL_CHANNEL_112"        : 0,
			"EBH_CHANNEL_112"        : 0,
			"FCC_CHANNEL_116"        : 0,
			"ETCI_CHANNEL_116"       : 0,
			"JP_CHANNEL_116"         : 0,
			"EBL_CHANNEL_116"        : 0,
			"EBH_CHANNEL_116"        : 0,
			"FCC_CHANNEL_120"        : 0,
			"ETCI_CHANNEL_120"       : 0,
			"JP_CHANNEL_120"         : 0,
			"EBL_CHANNEL_120"        : 0,
			"EBH_CHANNEL_120"        : 0,
			"FCC_CHANNEL_124"        : 0,
			"ETCI_CHANNEL_124"       : 0,
			"JP_CHANNEL_124"         : 0,
			"EBL_CHANNEL_124"        : 0,
			"EBH_CHANNEL_124"        : 0,
			"FCC_CHANNEL_128"        : 0,
			"ETCI_CHANNEL_128"       : 0,
			"JP_CHANNEL_128"         : 0,
			"EBL_CHANNEL_128"        : 0,
			"EBH_CHANNEL_128"        : 0,
			"FCC_CHANNEL_132"        : 0,
			"ETCI_CHANNEL_132"       : 0,
			"JP_CHANNEL_132"         : 0,
			"EBL_CHANNEL_132"        : 0,
			"EBH_CHANNEL_132"        : 0,
			"FCC_CHANNEL_136"        : 0,
			"ETCI_CHANNEL_136"       : 0,
			"JP_CHANNEL_136"         : 0,
			"EBL_CHANNEL_136"        : 0,
			"EBH_CHANNEL_136"        : 0,
			"FCC_CHANNEL_140"        : 0,
			"ETCI_CHANNEL_140"       : 0,
			"JP_CHANNEL_140"         : 0,
			"EBL_CHANNEL_140"        : 0,
			"EBH_CHANNEL_140"        : 0,
			"FCC_CHANNEL_144"        : 0,
			"ETCI_CHANNEL_144"       : 0,
			"JP_CHANNEL_144"         : 0,
			"EBL_CHANNEL_144"        : 0,
			"EBH_CHANNEL_144"        : 0,
			"FCC_CHANNEL_149"        : 0,
			"ETCI_CHANNEL_149"       : 0,
			"JP_CHANNEL_149"         : 0,
			"EBL_CHANNEL_149"        : 0,
			"EBH_CHANNEL_149"        : 0,
			"FCC_CHANNEL_153"        : 0,
			"ETCI_CHANNEL_153"       : 0,
			"JP_CHANNEL_153"         : 0,
			"EBL_CHANNEL_153"        : 0,
			"EBH_CHANNEL_153"        : 0,
			"FCC_CHANNEL_157"        : 0,
			"ETCI_CHANNEL_157"       : 0,
			"JP_CHANNEL_157"         : 0,
			"EBL_CHANNEL_157"        : 0,
			"EBH_CHANNEL_157"        : 0,
			"FCC_CHANNEL_161"        : 0,
			"ETCI_CHANNEL_161"       : 0,
			"JP_CHANNEL_161"         : 0,
			"EBL_CHANNEL_161"        : 0,
			"EBH_CHANNEL_161"        : 0,
			"FCC_CHANNEL_165"        : 0,
			"ETCI_CHANNEL_165"       : 0,
			"JP_CHANNEL_165"         : 0,
			"EBL_CHANNEL_165"        : 0,
			"EBH_CHANNEL_165"        : 0,
			"UNII1_ALG_0"				: 0,
            "UNII1_RX_0"				: 0,
            "UNII1_TX_0"				: 0,
            "UNII2A_ALG_1"				: 0,
            "UNII2A_RX_1"				: 0,
            "UNII2A_TX_1"				: 0,
            "UNII2C1_ALG_2"				: 0,
            "UNII2C1_RX_2"				: 0,
            "UNII2C1_TX_2"				: 0,
            "UNII2C2_ALG_3"				: 0,
            "UNII2C2_RX_3"				: 0,
            "UNII2C2_TX_3"				: 0,
            "UNII3_ALG_4"				: 0,
            "UNII3_RX_4"				: 0,
            "UNII3_TX_4"				: 0
		}
    },
	"userFiles":{
		"MCUIMG":{
				"External"          : true ,
				"OriginalPath"      : "" ,
				"UseOriginalPath"   : true ,
				"FileSystemName"    : "/sys/mcuimg.bin" ,
				"ProjectPath"       : "" , 
				"IsFlash"           : "false",
				"MaxFileSize"	    : 262144 ,
				"Failsafe"	        : true ,
				"Secure"	        : true ,
				"Static"            : false ,
				"Vendor"	        : false ,
				"Token"	            : "0" ,
				"PublicWrite"	    : true ,
				"PublicRead"	    : false ,
				"NoSecurityTest"	: false ,
				"SimpleMode"        : true,
				"PrivateKey"	    : "" ,
				"Certificate"       : "" ,
				"IncludeOTA"        : true
			}
		,


		"USERFILE0": {
									"OriginalPath"      : "dummy-root-ca-cert" ,
									"UseOriginalPath"   : true ,
									"FileSystemName"    : "dummy-root-ca-cert" ,
									"ProjectPath"       : "" , 
									"MaxFileSize"	    : 0 ,
									"Failsafe"	        : false ,
									"Secure"	        : false ,
									"Static"            : false ,
									"Vendor"	        : false ,
									"Token"	            : "0" ,
									"PublicWrite"	    : false ,
									"PublicRead"	    : false ,
									"NoSecurityTest"	: false ,
									"SimpleMode"        : false,
									"PrivateKey"	    : "" ,
									"Certificate"       : "" ,
									"IncludeOTA"        : false
								  }


	}
}


